Date,Food Price Index,Meat,Dairy,Cereals,Oils,Sugar
1990-01-01T00:00:00Z,64.14508120178685,73.37455088392352,53.50303064605323,64.14060719081644,44.587671677568544,87.8778326003819
1990-02-01T00:00:00Z,64.45355957679207,75.95652587626263,52.21863389605407,62.22237673255094,44.500513544818645,90.66269349264753
1990-03-01T00:00:00Z,63.78706416989092,77.80585901670852,41.36712316595474,61.259884069034236,45.74543383749023,95.05658512266663
1990-04-01T00:00:00Z,65.76675418813106,80.44204947815469,48.42706836787631,62.820730949963284,44.01709379460838,94.3139555513958
1990-05-01T00:00:00Z,64.37887366898909,80.99450546303434,39.18965099904079,61.982825720788554,45.49963146039051,90.35326450461801
1990-06-01T00:00:00Z,63.70249867511877,83.06133712363378,39.18965099904079,60.712342339097134,43.796409859622884,80.26587949485588
1990-07-01T00:00:00Z,62.543558381061445,83.38404382906342,39.18965099904079,57.85828505844381,43.72101633476418,74.2010713294774
1990-08-01T00:00:00Z,61.484431549066706,83.65710240268133,36.82668580973198,55.682997635796774,45.36713887213962,67.64117678325171
1990-09-01T00:00:00Z,60.991468535235995,84.50752827493102,38.140791846854256,52.47912529514937,44.78833017702642,68.50757794973434
1990-10-01T00:00:00Z,61.0983525651686,85.40488543333736,38.90982359112073,52.799538950352975,45.717846037751414,60.7718532489965
1990-11-01T00:00:00Z,61.8706024597774,86.20021401673527,39.43676874325536,52.429687560550434,48.300807051246544,62.31899818914407
1990-12-01T00:00:00Z,61.939877523243254,83.7071176709417,45.0550156176695,52.56861542603722,49.59540504328934,60.27676686814928
1991-01-01T00:00:00Z,60.79624062813558,79.80015566334221,46.92070963407615,53.705491491745136,49.473591996921414,54.45950189319443
1991-02-01T00:00:00Z,61.532715562033815,81.69236198007248,46.65752883253138,55.24952253602159,48.416956187370936,52.66481376262324
1991-03-01T00:00:00Z,61.98054475594899,80.67771852399108,45.760181184652126,57.25986681470819,48.747335651276664,56.56361901179512
1991-04-01T00:00:00Z,60.71993367783776,79.54030310804988,42.7919995150137,57.6127936154178,47.002188240644706,52.66481376262324
1991-05-01T00:00:00Z,60.579912457586794,81.21337171599743,42.14046244907631,57.179338413133095,46.561835092860534,46.90943458527428
1991-06-01T00:00:00Z,61.0380440471928,80.40056454909404,43.394805759283884,56.53805755061471,46.732637933074166,56.93493379743053
1991-07-01T00:00:00Z,61.84488118225675,82.58986056947784,40.36313737292073,55.73938698363804,48.216365377138494,63.80425733168574
1991-08-01T00:00:00Z,61.43425753421836,79.4329265184097,41.690685551349944,58.26121974835113,48.808788174443436,58.54396453518401
1991-09-01T00:00:00Z,62.10904852857727,79.75186562782369,45.399672212477626,58.815397133558676,48.58233102844784,57.491905975883654
1991-10-01T00:00:00Z,64.27781755348633,82.25147875856563,48.80605063344048,60.57002749996583,51.133118012345534,56.4398474165833
1991-11-01T00:00:00Z,64.39686783220809,81.88707143953161,50.79933694023229,60.75463825840245,51.78614187371813,53.59310072671178
1991-12-01T00:00:00Z,64.05238688120497,78.31256504551554,50.79933694023229,62.680098594520636,52.63416036217578,55.69721784531247
1992-01-01T00:00:00Z,64.78224442616668,79.32284193179461,52.860715561244646,63.94967449356621,52.84386558766816,51.48898360811109
1992-02-01T00:00:00Z,65.6734220777016,80.89937040404888,52.860715561244646,66.45296186482868,51.96145175178613,48.518465323027755
1992-03-01T00:00:00Z,66.12641402195418,81.39789254088046,52.41364098145991,65.8660597760012,54.07727277336676,50.870125632052066
1992-04-01T00:00:00Z,64.48482923411912,77.41513958029225,52.41364098145991,62.972818378378065,53.946584011684514,58.54396453518401
1992-05-01T00:00:00Z,64.82019443804592,78.15711128508441,54.569260017842694,61.99354560084696,54.015659104530336,59.34847990406074
1992-06-01T00:00:00Z,65.61080637792902,77.97267799311777,57.652694910346085,61.81210498996876,54.82149741104158,64.11368631971524
1992-07-01T00:00:00Z,64.43417130919858,78.60270042217894,58.10136873428571,58.54022948269751,51.9280574440076,63.80425733168574
1992-08-01T00:00:00Z,62.805213785822566,77.54243802730456,56.63575119285615,56.09091105816903,51.01625409496726,60.83373904660241
1992-09-01T00:00:00Z,63.49493730559484,77.14368019082565,58.138315321065015,58.311746478652076,52.20311192641495,57.61567757109547
1992-10-01T00:00:00Z,61.52460940094325,73.4635407512784,54.94114504793319,58.19147451391484,52.21723238850873,53.9025297147413
1992-11-01T00:00:00Z,62.42391234895284,75.4750127415761,53.80406897319524,58.79170940275746,53.87625273671777,53.03612854825867
1992-12-01T00:00:00Z,61.03388941296138,72.77528657356721,53.22780285887046,58.51858183423734,52.99671744203535,50.43692504881074
1993-01-01T00:00:00Z,61.34574322963039,72.60721936767722,53.299064330268735,59.054467099252264,53.97808945500464,50.99389722726387
1993-02-01T00:00:00Z,61.18937845112234,72.14723533738778,54.01953403346332,58.05466938640059,54.24469834236562,52.974242750652756
1993-03-01T00:00:00Z,62.88576530712526,75.67197501369417,53.32142500099516,57.765181773012245,53.05125655949961,65.72271705746871
1993-04-01T00:00:00Z,62.52851243381849,74.77121656346812,52.40636837391308,57.333813810208575,52.83402090233954,69.00266433058158
1993-05-01T00:00:00Z,62.049882158414796,74.89321220637362,51.73855936834096,55.37130465361149,51.895579221478485,73.21089856778296
1993-06-01T00:00:00Z,61.48045055879598,77.57731430026581,51.781710796771016,52.843554894478594,51.24333543598992,64.29934371253296
1993-07-01T00:00:00Z,61.876108006719946,76.98369943847496,49.73447146922829,55.791964367902715,53.28307732962024,59.90545208251387
1993-08-01T00:00:00Z,60.53265111224339,73.82709952105238,47.95448586090982,56.554122950003,52.605188613966504,57.80133496391316
1993-09-01T00:00:00Z,60.92011116564973,74.33529700743446,45.06709109550774,58.44481775944709,52.5425489431055,59.03905091603122
1993-10-01T00:00:00Z,61.18819864733516,73.48503678345617,41.00719774282531,61.43366235680169,52.117932752912346,63.680485736473926
1993-11-01T00:00:00Z,62.99600144084533,72.40728713540673,41.23153465479513,66.71699208021664,56.21786455158946,62.628427177173585
1993-12-01T00:00:00Z,64.34934891396502,70.14580526502019,41.83675113512476,68.85850527763641,63.58417550309393,65.10385908140968
1994-01-01T00:00:00Z,64.51915085585945,69.47611554761403,45.50661978610025,68.59867492482681,63.87968094560017,63.74237153407984
1994-02-01T00:00:00Z,64.11789757887549,70.9164482606551,45.44899317466778,66.7974127301927,60.39747837341195,66.96043300958678
1994-03-01T00:00:00Z,64.52401591272242,72.52612465880479,46.010784105990126,64.14992528903272,61.31369661558185,72.65392638932984
1994-04-01T00:00:00Z,63.701783024381974,72.90165466154664,42.326749700480065,62.41540188425502,63.65730388128167,68.13626316409893
1994-05-01T00:00:00Z,65.58254435204616,76.10150652011362,42.326749700480065,61.98985120429409,67.78279328147883,71.66375362763539
1994-06-01T00:00:00Z,65.19220423651879,74.43400497262334,45.12767713667571,60.091321967069334,68.47110669478079,74.57238611511282
1994-07-01T00:00:00Z,63.9207343138483,74.99764797833552,45.56858924427847,56.01105555262463,67.15342416156537,72.83958378214753
1994-08-01T00:00:00Z,66.19581516181586,76.58570570184033,46.58576746620601,57.49680765284026,73.32776599482666,74.88181510314233
1994-09-01T00:00:00Z,69.2824876248993,77.86691929710636,49.93611145831316,60.193837214037586,80.499557164174945,77.91421918583157
1994-10-01T00:00:00Z,69.8897423280794,78.08941238391436,52.014941700846805,61.65343989983892,78.99701312732674,78.90439194752601
1994-11-01T00:00:00Z,73.24388590488657,81.89466618780415,53.16747392949636,61.136364711118276,88.30944073787187,86.26880186262844
1994-12-01T00:00:00Z,73.10081323122022,78.20459230856854,55.021967260060194,62.707790824890914,88.62378411042073,90.78646508785934
1995-01-01T00:00:00Z,72.86454692935816,78.57648273980183,58.92508254926901,62.871389486974024,82.6566411981908,91.34343726631245
1995-02-01T00:00:00Z,74.43162319157595,83.10597943966113,61.14814824921085,62.51428596054038,82.66991005371176,89.17743435010587
1995-03-01T00:00:00Z,75.13464571516356,84.13548318016235,61.79228126086191,62.16595537392217,84.41751061996679,90.29137870701211
1995-04-01T00:00:00Z,73.97663159852635,84.92706870739441,61.136165535208896,62.651855041132414,77.93804108566668,84.78354272008677
1995-05-01T00:00:00Z,73.99241214508667,83.78647925673293,61.239686749374435,64.90775655717799,76.78877539462017,83.66959836318053
1995-06-01T00:00:00Z,75.08616968366421,80.96634967988491,61.239686749374435,69.14484330110487,80.32960832750491,86.76388824347565
1995-07-01T00:00:00Z,79.52227400938997,87.40559937310442,64.56384768841394,74.01351769906452,83.96209045832857,84.10279894642184
1995-08-01T00:00:00Z,78.04801808641724,87.07668747336932,64.33761997337872,72.64226758344064,79.9460957635866,80.32776529246178
1995-09-01T00:00:00Z,78.25739342379461,88.42553039722675,64.27996140964862,75.90886729945277,76.28323142757452,72.34449740130032
1995-10-01T00:00:00Z,80.36770796240519,88.81072849810049,64.80648342887248,80.17270722233431,79.94507917463008,73.27278436538886
1995-11-01T00:00:00Z,79.82393323425862,87.22597504770272,64.80648342887248,80.4585865307344,78.98752035967662,74.1391855318715
1995-12-01T00:00:00Z,77.99957848508487,81.22559048985026,64.42581737806225,82.7175662328008,75.57615343127617,76.18141685286629
1996-01-01T00:00:00Z,76.99001665735611,79.83587467867476,64.32996440198305,83.3228217712334,70.75167297011824,77.54290440019615
1996-02-01T00:00:00Z,77.46007149656131,79.92259526186857,64.16787049481238,85.72874709423826,68.6290273116886,79.27570673316143
1996-03-01T00:00:00Z,78.58428019130069,82.90957038289766,62.957400451291534,86.87588636591504,68.17056992801433,79.89456470922045
1996-04-01T00:00:00Z,80.77672512191273,80.80260110855178,62.69337928574568,95.32510192081827,73.55675438843821,74.1391855318715
1996-05-01T00:00:00Z,82.36252957358525,83.11763344524513,61.040911978212236,99.95018455649202,73.36821674437878,70.48792347312323
1996-06-01T00:00:00Z,80.46296276805987,83.47277498231927,61.143149391703716,94.338247804289,68.85370557376216,75.31501568638365
1996-07-01T00:00:00Z,80.23872743785958,86.14565779832841,61.251675307589586,91.06330538515235,66.06842834513962,79.27570673316143
1996-08-01T00:00:00Z,79.85981000775334,88.84120843471194,60.6892928270654,85.83425938099212,69.0996143883768,76.5527316385017
1996-09-01T00:00:00Z,76.858067801415,88.65220990547387,60.050114747680965,75.28761226711299,71.47007439290026,73.76787074623607
1996-10-01T00:00:00Z,74.12840628853172,85.89835332901137,61.040911978212236,71.1289497341728,69.07583517286238,68.81700693776386
1996-11-01T00:00:00Z,72.53318515528926,84.85309802739862,59.89067626526182,67.43858689701264,70.01142951014965,66.34157503352776
1996-12-01T00:00:00Z,71.36534495946937,81.00230874832084,60.17926227789411,67.57742863785006,70.16698658792495,66.46534662873955
1997-01-01T00:00:00Z,70.86224751235024,78.750702388971,60.336474837753485,68.09151953207802,70.75777979270642,66.15591764071004
1997-02-01T00:00:00Z,70.98124017958484,78.69518686999218,59.45083133885365,68.39172089265556,71.49264275634127,66.89854721198087
1997-03-01T00:00:00Z,72.77837411298839,82.44389251180151,59.25146981529957,70.60720885617575,70.31972003188626,68.75512114015795
1997-04-01T00:00:00Z,73.37943114513797,83.50514615599606,59.11346787552567,70.78857172148325,71.10651113039238,69.93095129467012
1997-05-01T00:00:00Z,72.77280207229619,83.49298747810663,58.84969588786427,68.76194114634049,71.64676747083121,68.94077853297567
1997-06-01T00:00:00Z,70.22657269574225,80.04001633998793,58.605840040123454,65.15899688305586,68.96236673161567,70.73546666354684
1997-07-01T00:00:00Z,68.39942950740773,79.133112069042,58.08366362898133,62.4343952175878,65.52835362063738,69.43586491382288
1997-08-01T00:00:00Z,69.81111228438257,80.13433000588915,57.78695236582299,65.65820042550794,65.39651908375663,72.40638319890621
1997-09-01T00:00:00Z,69.95781001991969,79.72277909426013,59.04505213943236,65.10861460145057,67.96456327988113,70.11660868748781
1997-10-01T00:00:00Z,69.75023429731795,75.46164947312474,60.78241679343775,65.55985746424618,72.78153922777436,70.61169506833505
1997-11-01T00:00:00Z,70.30818499153992,75.50067272349287,61.01254398576711,64.1574523349344,76.70513521920576,74.33722008421039
1997-12-01T00:00:00Z,68.03854534418772,69.47470487851122,61.049001302002104,63.41552771544012,75.55491704967295,76.3051884480781
1998-01-01T00:00:00Z,67.37008035177458,67.28119933226839,60.9109993622282,62.74223226988113,79.26237256123846,71.47809623481768
1998-02-01T00:00:00Z,67.61254668767448,68.34289063525681,59.698662505355294,62.696284472851055,81.87627348670667,66.34157503352776
1998-03-01T00:00:00Z,67.40382135366,67.84660775314968,57.80738534970214,63.1808040746103,84.68154713941315,60.89562484420831
1998-04-01T00:00:00Z,66.84762711140422,67.83289987058248,57.617329426649526,60.82725259765376,86.00566313306153,59.967337880119764
1998-05-01T00:00:00Z,66.43298206826327,66.24789572532595,56.46603825872661,60.18980963654541,89.96952622613034,57.120591190248234
1998-06-01T00:00:00Z,64.2429666469659,66.17237341817189,55.567812626742295,59.00795639426224,82.75762714989625,50.127496060781226
1998-07-01T00:00:00Z,64.31240703654846,66.66096637799768,55.345512759578995,57.51372152196994,83.55527932777089,53.469329131499975
1998-08-01T00:00:00Z,62.375225186001686,64.18419393046378,55.441365735658195,54.08296665348302,83.17112306494067,52.47915636980554
1998-09-01T00:00:00Z,61.930315225298614,64.62038534290245,53.86781375793538,53.90169841579477,84.55680359537064,44.73780568746716
1998-10-01T00:00:00Z,62.698031806263586,64.12132568074675,52.13704922035318,57.687336375511705,84.44213186302146,46.18368295880504
1998-11-01T00:00:00Z,62.609658795629755,62.71019805104313,52.13704922035318,58.17810809043861,84.30876499621806,49.88879369858702
1998-12-01T00:00:00Z,62.08901135330364,63.34947345432626,52.31720012382177,56.83805601300002,82.03809334778447,49.98403352996753
1999-01-01T00:00:00Z,60.991732789577476,62.09630346015288,52.40149805121116,57.123999778430104,77.30714393165066,50.18938185838713
1999-02-01T00:00:00Z,58.41657690544946,62.8056565346722,51.523510123707005,54.91235759582142,68.40423852377222,42.206113967225676
1999-03-01T00:00:00Z,57.01627739649179,62.82413478926221,50.74137517228205,55.1538767072237,62.30984722180103,37.255250158753455
1999-04-01T00:00:00Z,55.813991498929084,61.13517866652302,48.001676919734926,53.69632829901704,64.88345735620061,33.54210230239929
1999-05-01T00:00:00Z,55.38719873610103,61.74850985556484,47.35754390808386,52.839746274629604,62.25704950483363,35.58433362339408
1999-06-01T00:00:00Z,54.56035351424736,62.05849085989852,47.12368899223076,53.611085502162894,54.79113444950359,37.34245287356178
1999-07-01T00:00:00Z,52.590340979375945,62.32491046126043,46.36346530002033,51.40200516367997,48.63125268901959,33.28893313037515
1999-08-01T00:00:00Z,54.37802952285108,64.00908326115342,46.40561426371503,52.950762823495474,52.294121028220445,35.58433362339408
1999-09-01T00:00:00Z,54.589401264583394,62.64686570771601,46.819620083036725,52.63199032887539,54.07108129402196,41.27782700313713
1999-10-01T00:00:00Z,53.2407345553322,59.96200377972447,46.957622022810625,51.48057137561954,52.96411644208832,41.89668497919616
1999-11-01T00:00:00Z,53.170004563508776,60.85612187709513,47.54805102207718,51.2767605040074,51.31824211447802,40.22576844383679
1999-12-01T00:00:00Z,51.88035385301608,58.928425384132815,48.49938124736347,50.37077841259204,49.49210255757037,37.19336436114755
2000-01-01T00:00:00Z,52.63147700441844,59.93657072399301,50.15485374851647,52.13167018523873,48.58311157138202,34.72972022788398
2000-02-01T00:00:00Z,52.290871987879896,60.232206404034784,50.44046293810702,52.23907341562147,46.36835287251982,32.73758693352256
2000-03-01T00:00:00Z,52.81646659297277,61.885426939085434,50.05705103379021,51.72821243411178,47.81903063994389,31.80929996943401
2000-04-01T00:00:00Z,53.35513056038243,61.27278758368452,50.413625117203665,51.82244957101251,49.49869065471645,37.255250158753455
2000-05-01T00:00:00Z,53.63447134223292,62.35193717835056,50.9274117604765,52.835989981268156,44.48930927103283,42.763086145678805
2000-06-01T00:00:00Z,53.7707016061531,61.652565774052825,53.756837589248924,51.42594992756182,42.92895391354603,51.798412596140594
2000-07-01T00:00:00Z,54.025359796220656,61.52334742261336,55.575200112432114,49.813215654442075,42.66755150050627,59.59602309448435
2000-08-01T00:00:00Z,53.161883344259216,59.1911062197091,56.042909944138316,48.616170467998344,41.70184362719442,64.60877270056247
2000-09-01T00:00:00Z,52.58318928962183,58.37148074585956,57.40884540782885,49.381142488027834,38.470354262343676,62.071454998720455
2000-10-01T00:00:00Z,53.38077619111414,58.572318192557645,59.108416611323605,51.201801630919604,36.37718942018462,66.52160644474486
2000-11-01T00:00:00Z,53.81587620681252,59.29875232550702,59.59967839101047,52.12553038248716,37.67309154836324,61.45259702266143
2000-12-01T00:00:00Z,54.44996726526239,59.303331341472244,60.09094017069734,53.67087963085144,38.13921322691652,62.00956920111456
2001-01-01T00:00:00Z,53.80942057102217,57.34715241453939,59.74202165867955,53.91884059468737,37.274266256711165,63.8858340648934
2001-02-01T00:00:00Z,54.24899230942114,60.90288263199726,59.46601777913176,52.99071573773322,35.8276831002984,61.099847976307785
2001-03-01T00:00:00Z,55.07735260646881,63.61535395691794,59.67423371224659,52.16644139807416,38.203137864047235,57.39063830707397
2001-04-01T00:00:00Z,54.61970618871876,64.11222926948709,59.501724194884765,50.99283925783338,38.03313854434972,54.11913000636195
2001-05-01T00:00:00Z,55.40924218924547,64.45896406518523,61.95820484708947,51.70635307170043,36.5661328568602,59.31191102365726
2001-06-01T00:00:00Z,54.77038995050842,62.51063506518349,62.38971792291728,51.03778815718354,38.847211764619836,55.95949574945177
2001-07-01T00:00:00Z,56.499642271702314,62.90462017751705,62.94402846467478,51.7197974160316,47.43649449571169,54.42293301279094
2001-08-01T00:00:00Z,56.57957023094191,63.04803570266858,62.530022645353085,51.572900726778485,50.021046802095604,50.21090735320654
2001-09-01T00:00:00Z,55.3793745240296,62.94328878316283,62.05079677742789,51.158919651981186,45.39620168769992,47.2807493709097
2001-10-01T00:00:00Z,54.16768499267257,61.27007918049453,62.848533640000824,51.007159590639766,43.29500851107189,42.02583794811282
2001-11-01T00:00:00Z,54.736487203445066,59.52843827024189,60.60162784103624,51.867639897607326,48.269459051830374,47.48806679288948
2001-12-01T00:00:00Z,54.27387935339891,58.20038646118636,56.909407402151274,52.005476561370386,50.60781027695879,48.45657952542186
2002-01-01T00:00:00Z,53.45475161024786,58.42657403244508,52.9952741445689,51.65543410156753,49.26091578002172,48.18251385031003
2002-02-01T00:00:00Z,51.66905678406975,56.61842968681664,52.83530809872015,50.36964037532734,47.785574874425244,40.507692632930315
2002-03-01T00:00:00Z,52.02013387807733,59.10633598005459,50.71392085928782,49.61017820974843,47.62177337296735,41.44801294655336
2002-04-01T00:00:00Z,51.039979802352384,56.27076105757795,48.89490975695924,49.30965581057128,48.968649895697936,42.61118464246428
2002-05-01T00:00:00Z,50.46784064746699,55.22463838749224,44.77823662294475,50.22782336018547,51.64109982925055,37.57544189419268
2002-06-01T00:00:00Z,51.326108069235154,55.38798442008966,42.855067279867555,52.030442969249094,55.80374754624625,35.58433362339408
2002-07-01T00:00:00Z,51.99504081463285,55.07292554627681,40.64167762705031,54.62011509448946,56.147913609909104,39.526189862204845
2002-08-01T00:00:00Z,53.416662720212685,54.96457784005891,40.08100889429005,58.05905521490676,59.64718946011253,38.954296602115484
2002-09-01T00:00:00Z,54.916966891307425,54.42654647648955,41.636773432742054,63.82139354595718,56.67703316163747,43.072515133708315
2002-10-01T00:00:00Z,55.23527217944522,52.61040348992157,42.9278010977037,64.35449444073893,58.76026061161087,46.47623400203297
2002-11-01T00:00:00Z,56.2866489610857,52.840884059337455,45.53520037192672,63.006727326650434,63.905676495369434,48.45657952542186
2002-12-01T00:00:00Z,55.63909234822631,51.09944319514531,49.29102025942558,59.84016440100825,65.51216867374534,49.199209096692684
2003-01-01T00:00:00Z,55.950249973157,53.08001271708615,51.256353660758236,58.00011833518108,64.32321520084045,50.68446823923435
2003-02-01T00:00:00Z,56.53421101777512,54.115260654435865,53.09496815384827,57.84258646222766,62.353116994972446,55.69721784531247
2003-03-01T00:00:00Z,55.52303365222836,54.54847579819205,53.70871815560757,56.51207984707581,59.234135104999154,50.93201142965796
2003-04-01T00:00:00Z,55.56384318870298,55.65297327395863,52.657880587401685,56.42583185060003,59.56691650969375,47.96149314457463
2003-05-01T00:00:00Z,56.294111024594514,56.31506143959718,52.63450157327436,58.20091145797616,61.09159936819294,44.37211688343227
2003-06-01T00:00:00Z,56.04857048101717,56.20313150868297,52.59703569838815,57.68224676609067,61.955421665803556,41.58725599116665
2003-07-01T00:00:00Z,56.7243232404125,60.45571509434474,53.15265357366877,56.462999075107305,58.83860377032032,42.32988556243748
2003-08-01T00:00:00Z,57.57707052752848,60.73225174037803,53.613003487621555,59.89639591918008,57.08945294860328,42.26799976483158
2003-09-01T00:00:00Z,58.73217748144158,62.96442752848394,55.223216138257925,60.525357750624174,59.33497306114799,37.030210894731965
2003-10-01T00:00:00Z,60.330371924093434,62.70584333363975,57.592765104604354,60.59597195853807,67.38665882653439,36.87586331256073
2003-11-01T00:00:00Z,61.79105311737168,62.17200214036321,58.559986434233124,64.77850472418294,68.83389281093454,37.626564944388875
2003-12-01T00:00:00Z,62.44352102623007,61.229206681676644,59.717850599793024,65.67672642885479,71.56378627419143,38.89080338119515
2004-01-01T00:00:00Z,64.27814580241326,65.93828478437403,60.94762087734763,66.92288497218289,71.21869198484032,35.92912592434128
2004-02-01T00:00:00Z,65.03403225836601,63.82470741005065,64.3282477563362,67.48168078635155,76.06333012230827,36.16296583100927
2004-03-01T00:00:00Z,66.66120222037621,66.32455660565296,65.24808043012705,68.46616512415642,76.73328079341162,39.962081132298614
2004-04-01T00:00:00Z,67.25068901533884,66.29510281857222,65.81146312880892,70.24966810992413,76.45253650627517,40.69300621576135
2004-05-01T00:00:00Z,66.35527305517249,65.78091225175591,67.76786817534534,68.84606489196729,73.51595748131575,39.2290813876575
2004-06-01T00:00:00Z,66.08270148408934,68.79103726942576,70.74094548195693,66.39026459061472,66.06363235183748,42.886857740890605
2004-07-01T00:00:00Z,65.56188847581292,70.71367948495465,72.56498934826806,60.70945304861875,64.81972209222134,48.9769828234715
2004-08-01T00:00:00Z,64.4811447580688,68.9309673648018,72.74244704080243,59.09336884923566,65.44023197021244,46.884117668071866
2004-09-01T00:00:00Z,65.22852640979781,69.60988034124627,73.30439640049462,59.97720175651407,66.27003740616895,47.570487423337326
2004-10-01T00:00:00Z,64.72532031565534,67.67760699227131,73.79475608598091,59.33595437353962,65.80293521980045,52.30233980521724
2004-11-01T00:00:00Z,65.37593348806891,68.2918430899717,75.12101921059579,60.02006362554658,66.93783393238756,50.507249818817414
2004-12-01T00:00:00Z,65.6081064901301,68.60121134687412,75.81473677471593,60.526197694531795,66.02137321844262,51.04771096431245
2005-01-01T00:00:00Z,65.38812876463247,68.61124206453472,76.21881756446444,60.49896336476862,63.14893798093526,53.96736245509033
2005-02-01T00:00:00Z,65.87759865851137,70.02858819437192,76.66764718966928,60.27037833192888,62.26632197577167,56.33154727077297
2005-03-01T00:00:00Z,67.14125464242638,70.62158325525324,77.00667737694059,61.54803977872932,66.74267313018764,54.96266033459896
2005-04-01T00:00:00Z,65.60015461111074,69.30113538946843,76.17646355525639,59.54505267504478,65.07478932076579,53.15695320072733
2005-05-01T00:00:00Z,66.30097886107384,71.8478536748791,76.51078967793883,59.36642199345889,64.22690057351276,53.132051534547806
2005-06-01T00:00:00Z,67.16445562192885,72.99314523837752,76.36046465437391,60.164119707330514,64.63713855623178,56.015085805742814
2005-07-01T00:00:00Z,67.425535214503185,71.91119649568061,77.09911569520531,61.182181076640106,64.43517445949284,59.65201500660399
2005-08-01T00:00:00Z,67.465523001727135,72.2851950945516,78.34242863730444,60.947789543683605,62.50964334981427,61.48219457803816
2005-09-01T00:00:00Z,68.41242408629168,73.20944352250064,78.74656266687686,61.53264342255477,64.00235215017715,63.80425733168574
2005-10-01T00:00:00Z,69.3891740787144,73.30522634673413,78.49946708804961,62.07397201870674,66.80753884402131,68.82584776599346
2005-11-01T00:00:00Z,68.84049538383653,73.50624011415884,77.9655762912991,60.59673004002824,65.44132746850877,70.43391404975792
2005-12-01T00:00:00Z,69.51982197454255,73.6167380505584,76.92674117428238,61.472838447617995,63.49195562755826,82.58512343370562
2006-01-01T00:00:00Z,69.41630632644666,70.0469676325743,74.33502425159384,62.74352301876942,63.67327271248753,97.45244957283828
2006-02-01T00:00:00Z,70.42614704078687,67.704022167716,74.45543302356798,64.7910731274822,64.98834715617325,111.05406380379247
2006-03-01T00:00:00Z,69.398946124191,66.79460012439495,73.06998018636052,63.928474835239456,65.15630922012828,106.69649644628127
2006-04-01T00:00:00Z,69.70869181160748,66.1831264352107,71.60039966543243,65.12106361666847,66.75830033921292,108.22450761325608
2006-05-01T00:00:00Z,70.99588269221591,67.99182904574245,71.259657954217,67.7871224680707,68.28309273141605,104.09780545861483
2006-06-01T00:00:00Z,71.09722700380533,70.44927448053112,71.00055587078161,67.78429956124934,67.93735981760595,95.30131532229025
2006-07-01T00:00:00Z,72.88658372674283,71.79553435600452,71.28180873558216,69.85457889334856,70.44588721324885,99.32670515747391
2006-08-01T00:00:00Z,72.86264223154387,74.18336142570308,70.29798391146184,69.6462169104853,73.54572923906005,83.24985121420148
2006-09-01T00:00:00Z,73.00980691185909,74.81864571939053,70.3439299175523,72.53916248933173,71.7034921010491,74.77867210713228
2006-10-01T00:00:00Z,74.91854080961748,73.63004259996568,71.90488977279357,79.85754290451833,72.69758563718393,72.03225542247081
2006-11-01T00:00:00Z,77.47023193918427,72.0617686254971,75.39288214642639,85.33230128782064,78.34697735991229,72.89584359815285
2006-12-01T00:00:00Z,78.56684046934117,70.62015012473381,81.69783661515693,85.35516442425448,83.00505253905517,71.60776171551588
2007-01-01T00:00:00Z,78.1158140841558,69.5947902940656,84.24031081045712,85.10891731313366,82.27075995686415,67.75566550882263
2007-02-01T00:00:00Z,79.62016436210182,70.94922632530752,88.2844623558332,87.01684140099431,82.87024233885491,65.41328806943922
2007-03-01T00:00:00Z,80.77702211334471,72.8566923185778,91.77370071031397,86.42964367426433,84.41828569352397,64.60877270056247
2007-04-01T00:00:00Z,83.55091430003799,74.8082544392658,102.02972646826132,85.07588981924538,92.7592497781534,60.15299527293748
2007-05-01T00:00:00Z,86.16642717220637,76.63258759072521,105.27600492558253,86.56297461734206,100.25345854845983,58.35830714236629
2007-06-01T00:00:00Z,91.11611704867843,78.02316576332052,121.04466813430344,91.94718045533855,104.92411526100337,57.491905975883654
2007-07-01T00:00:00Z,95.32235025470675,79.24787479983655,135.03389545618126,94.85390282724232,108.5781594365497,62.9378561652031
2007-08-01T00:00:00Z,98.91528163964315,79.36011639423148,141.49546780181674,102.13852226175487,112.79817485547257,60.683060582866275
2007-09-01T00:00:00Z,105.0295442327727,80.5102093174831,145.09356082759675,117.15778236928273,118.24714214415421,60.37665271691669
2007-10-01T00:00:00Z,107.5851254343452,79.22091771064376,147.97130049537702,121.33372722424738,125.85059371436603,61.891178979607666
2007-11-01T00:00:00Z,110.45332585943603,80.21911401679124,153.99103143825062,121.03796689438724,136.2503391120927,62.489184132560304
2007-12-01T00:00:00Z,114.39050078061214,80.97285588306045,152.55942223703758,132.23404696259226,138.55715162548233,66.27084840769226
2008-01-01T00:00:00Z,120.01583017968713,81.63930027807827,150.6343670788682,140.97686975332374,154.09675236708162,74.1391855318715
2008-02-01T00:00:00Z,128.02840441177617,79.50995151216192,149.87806700361918,160.82642185718515,168.63237904158967,83.60771256557462
2008-03-01T00:00:00Z,132.06947096045573,84.72537447532969,152.63293596208666,163.3315367807624,176.6016471901168,81.68925283979162
2008-04-01T00:00:00Z,130.37540375996133,86.15107105487544,148.94895083980435,162.73581812646003,169.40502328163345,77.73137478381383
2008-05-01T00:00:00Z,130.03518233921287,91.0327465283811,144.2598033258472,157.44070678663013,172.01814139872513,74.7017836919252
2008-06-01T00:00:00Z,132.52861651196463,92.97756258634644,143.89822620373437,160.28729664983305,178.31613778641312,75.03800306852868
2008-07-01T00:00:00Z,130.10511546870418,100.07827715169518,144.11797548639063,148.21039499182567,164.79942909636068,88.06348999319962
2008-08-01T00:00:00Z,121.10344435063858,101.76473291849992,133.54864560697305,136.51007774827985,135.61861672624036,90.39452170302195
2008-09-01T00:00:00Z,112.76152808586448,100.85210276076158,120.50416860191667,125.32846978285959,120.59239830168778,83.7373780462727
2008-10-01T00:00:00Z,97.58430378812001,95.0446953002767,106.95039605821971,104.92750466809048,92.21375071696663,73.64409915102428
2008-11-01T00:00:00Z,89.54742717132447,87.36966465475803,97.77558849558571,95.99249978591419,82.0299490236945,74.88181510314233
2008-12-01T00:00:00Z,85.97297772322219,80.80336282803063,94.89029124488255,95.13421693561969,78.55005828426157,72.71581218693574
2009-01-01T00:00:00Z,86.42134842428425,77.31819002395828,88.1939832451639,100.36729167675543,82.77786639675318,77.41913280498434
2009-02-01T00:00:00Z,84.15598266176568,74.9530917896286,82.5604918108171,97.21164769965797,82.23674590116377,81.87491023260934
2009-03-01T00:00:00Z,84.01513910154009,75.40434142700437,80.85013686744838,97.20889214711,81.4880995992628,82.9269687919097
2009-04-01T00:00:00Z,87.2110231655888,77.91862797516649,80.39093481117422,98.11301618483162,93.803813163422,84.45554799277548
2009-05-01T00:00:00Z,93.3414103300093,80.93156122455387,83.49287298621505,103.31104773970134,106.60507260192162,99.36108615614387
2009-06-01T00:00:00Z,93.326916583544,83.13140500188881,84.66477839310501,102.98619431204455,100.7203983045275,101.66148752169659
2009-07-01T00:00:00Z,90.70598863707079,85.24713279592955,85.12781263305786,94.45961683306045,89.90346509621538,114.0330210612766
2009-08-01T00:00:00Z,93.45880759033197,85.28857698601513,87.952889262134,91.90025141116715,97.85431528800916,138.84491264868325
2009-09-01T00:00:00Z,93.04492570925896,84.34801927705887,95.07893740080516,89.83589555222025,93.24716636643932,142.57014297028422
2009-10-01T00:00:00Z,94.78633447146011,82.48034217248326,102.65651223659819,93.82238434353734,95.17111550124794,140.13476269696628
2009-11-01T00:00:00Z,98.80824098574561,83.72130763795043,113.09700616399462,98.01742234570031,101.75547855044475,137.7784140699415
2009-12-01T00:00:00Z,100.65974676348125,83.93279494932196,112.80240797624249,99.04553053916857,107.56477678394711,145.64541167469187
2010-01-01T00:00:00Z,101.49552559347393,85.0255380800997,108.97795360006737,98.3611878438115,107.10200269756302,163.77457478426106
2010-02-01T00:00:00Z,98.97938667928173,85.65486890071351,101.58821313999312,93.96967030118623,107.30910271285059,157.35701757252892
2010-03-01T00:00:00Z,96.30892033186423,86.92559847635067,101.600171820501,91.7724532906682,110.32530581140149,115.4923517668767
2010-04-01T00:00:00Z,96.84372055209583,89.45353030216381,109.73751423436313,90.66416366994729,109.3639768987986,101.79919011896688
2010-05-01T00:00:00Z,96.28737386132067,89.76523769168641,111.75742694995961,90.55718246677861,107.16661204157421,94.07878952049337
2010-06-01T00:00:00Z,95.75005588313682,90.81550058425022,110.44055117791332,87.79753556300948,106.02801172765368,98.10024116855693
2010-07-01T00:00:00Z,99.96017481256163,91.82057675185727,112.84235900343094,95.27884293702971,110.13361444095018,107.87819719028957
2010-08-01T00:00:00Z,107.66610706924877,92.61712239431355,112.25690892641927,112.94199348855705,121.80694109173973,114.56748931332761
2010-09-01T00:00:00Z,114.13213959784272,92.50382092775467,116.02601308546389,125.94591690333323,124.85278174522956,138.72264131523153
2010-10-01T00:00:00Z,120.07213927332403,93.98918894348202,121.38566901809834,130.58904041405575,139.17832004048861,152.32747039281492
2010-11-01T00:00:00Z,124.12062280743339,96.10945396730074,118.73574665999132,132.39219684440704,153.87187377834493,162.82997247353097
2010-12-01T00:00:00Z,129.3098708683066,97.35224088255428,117.4390783828456,139.7215647225498,166.26365938828508,173.7607899683718
2011-01-01T00:00:00Z,133.6873154121894,97.62055713418823,122.78377839826979,144.89906746585473,174.48816539640967,183.23765813131746
2011-02-01T00:00:00Z,137.62240001491392,100.31488412842825,130.26172007492016,151.44312865176028,175.4335062678547,182.38070269183785
2011-03-01T00:00:00Z,134.27942316454204,103.48551823910425,135.80884661921067,145.53184657578572,163.11081840854428,162.37757017047915
2011-04-01T00:00:00Z,136.4202438571842,107.71197051232107,134.5187195670132,151.7317547021396,162.7870129355594,150.7420151970065
2011-05-01T00:00:00Z,135.16333931522834,108.10265542207345,134.1712871726195,150.89328820032293,162.40300853935508,136.1628196869874
2011-06-01T00:00:00Z,134.95586798495637,106.86219611607696,135.31776107677763,147.1299421546808,160.7759031295058,155.9887788472784
2011-07-01T00:00:00Z,133.19896606404478,106.50106934975831,133.56806088229402,140.47522034103807,156.05325903196555,174.62109224465564
2011-08-01T00:00:00Z,132.9764676496892,105.64126254997068,131.88090086321301,144.86708972193426,151.482288630799,171.7106659659432
2011-09-01T00:00:00Z,130.40936988673025,106.948232305848,127.11880760173975,140.48020342389955,147.82016590327402,165.26602250656325
2011-10-01T00:00:00Z,125.71902110433562,106.19742920519766,126.20544430219104,133.1265985443652,137.9906860450972,157.5140896207382
2011-11-01T00:00:00Z,126.11929200837886,108.30111064941913,125.05884830449345,130.895207649098,144.96036891140812,148.23336321093868
2011-12-01T00:00:00Z,122.06128774194863,106.48946348002409,121.99424801067642,124.41555350034183,140.4534860181637,142.57210759877967
2012-01-01T00:00:00Z,122.40138703068955,103.13794797592593,120.33402187690524,127.23947878042762,144.32842952940265,145.79409833127747
2012-02-01T00:00:00Z,125.38292659308009,105.57798550361429,121.24206301143494,131.13842029846285,148.33528850437838,149.27738465366687
2012-03-01T00:00:00Z,125.76324918137013,106.48074571698065,118.06704529449252,130.60556654366675,152.47338216364557,149.12601895822385
2012-04-01T00:00:00Z,124.38102211438854,105.71886503599568,112.52536034853352,129.11052654533617,156.29156605103438,141.285275934276
2012-05-01T00:00:00Z,119.04065513310724,103.74904383345839,105.52116520469605,126.3042147212203,144.39660708907326,128.47196888711096
2012-06-01T00:00:00Z,115.87005888125145,101.403306325034,102.2774687097396,125.32789111101721,135.25797898909255,126.6625460428241
2012-07-01T00:00:00Z,122.12877421581177,100.36940484968586,99.73376753816709,143.89696275921514,138.55712949062118,141.43070755864986
2012-08-01T00:00:00Z,123.35385621660576,103.081867217618,101.99290110264623,147.05929846543543,138.31260850357606,129.15835029037146
2012-09-01T00:00:00Z,125.22304522285901,107.02047027531836,110.95420631342282,146.76451162850086,136.92616048872287,123.72208657372077
2012-10-01T00:00:00Z,124.04151276080162,107.96652298812806,114.22211455939436,146.45261100674963,124.89746859622133,125.69812699814575
2012-11-01T00:00:00Z,123.63866045006203,107.69045799603545,114.86145300080227,148.48455813283977,121.52181107234897,119.69557154221673
2012-12-01T00:00:00Z,122.86475534293109,107.40625582976146,118.14915600136797,146.39619436084558,118.38095499737275,119.50147517699818
2013-01-01T00:00:00Z,123.39045525367366,106.45472597224244,121.00755496499747,145.18176651637876,124.27972984276106,116.80381699954093
2013-02-01T00:00:00Z,123.25195428283806,107.55394555599833,123.77232061584274,142.2832107522842,125.54911531270396,113.03131503730111
2013-03-01T00:00:00Z,122.88793241362539,108.02176116802082,128.03304817913147,139.94167886608957,122.3818302611626,114.25355954001763
2013-04-01T00:00:00Z,122.87156068790064,108.73738726942125,140.81622043768695,134.85384892521571,120.63599571139996,110.18203665570931
2013-05-01T00:00:00Z,122.09160124168872,105.46028928088435,139.97656587139574,136.38030205742064,121.04590344578085,109.05965332640224
2013-06-01T00:00:00Z,120.92326682833009,104.98643891317388,140.25857045321078,133.75958012523083,120.68123422486381,105.78139384776956
2013-07-01T00:00:00Z,117.89921473942348,104.51341637446272,140.9898097928048,126.44146523454943,116.22098935534193,104.21030179463537
2013-08-01T00:00:00Z,116.153422763965,105.47313438938895,145.64966771424156,119.2319694898294,111.89492607873646,105.40276528605348
2013-09-01T00:00:00Z,116.40536668640762,106.05369950198049,149.00062536700568,116.70599625040734,112.91693059134185,107.48678961322369
2013-10-01T00:00:00Z,118.75319687353954,106.41841729907802,152.9606033264842,118.7228306147764,116.03932477749038,115.4995269318165
2013-11-01T00:00:00Z,118.67885624962143,105.6380562461333,151.92967475351037,117.96335199632423,121.9691430806489,109.30210634299682
2013-12-01T00:00:00Z,118.19520320739767,104.60594283175031,156.48829454742446,117.86446062002105,120.3833533606343,102.42688892325533
2014-01-01T00:00:00Z,116.22440442117495,103.18589676949293,156.18310732469678,117.01240973376449,115.57992180143751,96.66561586042009
2014-02-01T00:00:00Z,118.47050984644193,103.61793620293672,156.41762180910555,119.67432687733819,120.84044325602672,102.64378390915032
2014-03-01T00:00:00Z,122.10233348649523,106.22461644990992,154.79198717070946,125.41514187875906,125.38361577854684,110.7726307718228
2014-04-01T00:00:00Z,121.45684139904604,109.68558077035506,147.30186392551184,125.49090225904817,121.53007113945802,108.98088958399474
2014-05-01T00:00:00Z,121.30475734611656,112.06756526893608,141.8010575156389,125.24676952304229,119.17706638816732,113.06535222598433
2014-06-01T00:00:00Z,119.29498812264622,116.18765151703104,136.0528236526123,118.74820539767724,115.22230076572868,112.51489434201605
2014-07-01T00:00:00Z,116.37468149135118,117.77830797981171,130.21200247764003,112.17511154978024,110.6286440941333,113.00065343757817
2014-08-01T00:00:00Z,113.02354947542455,119.16970252580626,120.63460683615529,110.38588425787648,101.6475475000652,106.55555570639201
2014-09-01T00:00:00Z,109.34977448740584,117.91302650772157,110.84972023812918,107.3949105215308,98.55103414391455,99.47579366988812
2014-10-01T00:00:00Z,109.3553703580698,117.19641316682275,107.1092088208637,108.15071907207059,100.09115310173426,103.63359791259776
2014-11-01T00:00:00Z,108.2368348303198,115.1093989290311,102.64179084944502,109.26123275349234,100.85116520548753,100.1931063239566
2014-12-01T00:00:00Z,105.1499411890838,108.82510066704381,98.48250281963095,110.86387581351727,97.89217478842845,94.84279782184623
2015-01-01T00:00:00Z,100.71195915697933,103.80790037373754,92.39105312361835,105.88965214025703,95.00028401525708,94.95756784649718
2015-02-01T00:00:00Z,98.45041148700258,100.47244594768249,95.17096624490964,101.59241702162657,95.1796908673502,90.31417873770901
2015-03-01T00:00:00Z,95.60566821936169,96.81118848839199,95.13871593586504,99.51076054313029,92.61521886651627,81.9615503492576
2015-04-01T00:00:00Z,94.69689517153233,97.73176378437215,90.5893110111079,98.20055190704043,91.8674194041755,80.92010078383254
2015-05-01T00:00:00Z,95.03048510379233,99.52873826708917,89.87995109416897,95.71345665763236,94.48970767228569,82.55565400627427
2015-06-01T00:00:00Z,94.54320673349378,98.59856891913562,87.68688158227815,96.69148609039424,95.89016086245287,77.10970381695483
2015-07-01T00:00:00Z,93.80322138151833,99.0688602443835,82.20232624845914,98.93239069044657,90.42870703869495,79.03378952433833
2015-08-01T00:00:00Z,89.56419416997119,99.16606737169664,79.949611644036,91.866745177779,82.29450233002761,71.15393253307248
2015-09-01T00:00:00Z,89.01970145832355,97.0567965939821,83.20013451821002,90.47227511414275,81.96055840728813,73.42307844528891
2015-10-01T00:00:00Z,90.36950868562671,92.42203437488607,88.020108299878,91.70451155056793,87.75636591562882,86.07189250660964
2015-11-01T00:00:00Z,87.70669525008654,89.13583696007737,80.52290470825521,90.46318837584388,85.1293452289583,90.04383551658852
2015-12-01T00:00:00Z,87.06100573285357,86.98476703073881,80.98982101478887,89.44360642041401,86.68116764497687,90.62893760304435
2016-01-01T00:00:00Z,84.86123842440257,84.18047047288842,79.37497450472424,87.55250112926498,85.29061011098428,86.94954563629337
2016-02-01T00:00:00Z,86.04638341925057,85.90911031602239,78.83776298662963,87.27615063022444,92.15099038289138,81.59153842251914
2016-03-01T00:00:00Z,87.4222049434859,86.10363866659416,76.66905329005372,86.45483322175123,97.34258927543247,95.53760654951255
2016-04-01T00:00:00Z,89.1773460686966,87.91461807006148,77.14410521529727,88.40676890064668,101.16915030167128,93.88694354791507
2016-05-01T00:00:00Z,90.58383941889524,90.15529056498318,72.70320537076614,91.09448081942814,99.5557866171588,104.84431258612649
2016-06-01T00:00:00Z,93.83605926059714,94.28035407154803,73.9068455890245,94.14294739995142,97.9269525701844,120.37631531588167
2016-07-01T00:00:00Z,92.97317258945907,95.31251079264506,76.01543778156886,90.39615452716917,94.90251071247788,121.56138815445183
2016-08-01T00:00:00Z,95.29472432882574,96.41849685828329,81.81047883090352,89.28563753396841,102.38612076617063,124.56803852012494
2016-09-01T00:00:00Z,96.08610043105095,94.85958927864449,90.85479262552093,86.26522717162898,104.31961997069597,132.92506727587858
2016-10-01T00:00:00Z,95.92635654867054,93.02399530083476,93.75854241031739,86.72195622263744,101.84684494925058,137.5102422803159
2016-11-01T00:00:00Z,95.79927861742566,93.44477137105665,94.50275198026003,85.95575036167605,106.16112417903776,125.2259114555442
2016-12-01T00:00:00Z,95.08635694512265,90.65098912536656,96.201970549219,86.14706075448073,110.25943394730359,114.50419702032156
2017-01-01T00:00:00Z,97.70243056265979,91.94600369555631,98.55019651013875,88.67745944887969,112.19223957079653,125.82856124651597
2017-02-01T00:00:00Z,98.11906987643233,93.93431506335081,99.2263745550868,90.00176911365989,107.96932456157167,125.55390618285554
2017-03-01T00:00:00Z,96.2403281577494,95.65376353251953,100.62623876255081,87.86550630073276,101.59094864227815,111.88414069776731
2017-04-01T00:00:00Z,95.13627143528689,97.5855652587649,100.04438119803854,86.89985453405053,97.5777910573152,101.74025126410416
2017-05-01T00:00:00Z,97.39986983061824,99.45910618879981,104.83069988541726,88.29320362413284,101.96249000198183,99.3942169366804
2017-06-02T00:00:00Z,97.9660669662563,100.6855710196529,109.65622669130484,92.35989972203532,97.4725676008091,86.02688465380535
2017-07-01T00:00:00Z,100.23240520288037,101.19215049416724,113.89555698485401,96.93632026583933,96.65921195704436,90.48882387080239
2017-08-01T00:00:00Z,99.3383302240257,100.3473110431626,116.89348826725157,92.29967586248901,99.16145506397473,88.92181909912496
2017-09-01T00:00:00Z,99.8871333155902,99.15465351608877,118.3996848364948,92.11688666513271,103.8349663885392,89.04187498392147
2017-10-01T00:00:00Z,98.91213223057869,98.434613107031,115.36784623317698,91.79034740395078,102.67675103271957,88.73016881286321
2017-11-01T00:00:00Z,98.93420858436981,98.42955409700828,111.37473962746373,92.14977642404713,103.85290409282149,92.74711967564635
2017-12-01T00:00:00Z,96.40606601855426,96.08213693247319,107.26983272870129,92.42046015765986,97.96306014338757,88.98868266740784
2018-01-01T00:00:00Z,96.80294729738273,95.63350730281178,105.9981439767852,95.20198578271709,98.2515028451893,87.19708882671698
2018-02-01T00:00:00Z,97.87530919641021,96.96319482680205,108.75719204638173,98.37058919852024,95.60057000573649,83.92642442324501
2018-03-02T00:00:00Z,99.04206624201038,97.18981525782827,111.29318739172871,101.79591759151948,95.35511881077817,80.91125995560316
2018-04-02T00:00:00Z,98.55799183149915,95.93906664465557,109.98831258037268,103.96855066010924,94.02173460749944,76.82090342812727
2018-05-03T00:00:00Z,98.6727715948097,95.34097805350991,111.41927912242879,105.53072660161993,92.15273546590474,76.4458379880915
2018-06-01T00:00:00Z,96.95099172395854,95.08663138095174,112.28056405223711,100.84742403119311,89.33342531886494,77.36608783560786
2018-07-02T00:00:00Z,95.13517910176255,94.63847506032616,110.12866170010003,98.72036301270037,86.89950738811424,72.50483787691562
2018-08-01T00:00:00Z,95.96957618392267,95.77583936196832,108.45795268764054,103.48886174661912,84.43017308800795,68.60444267642187
2018-09-01T00:00:00Z,94.2394304087903,94.05320034899499,108.29185856578289,100.34309937845282,82.33424365321186,70.3765290374326
2018-10-01T00:00:00Z,93.3088521554686,92.3174967239694,102.80372644944049,100.8706729953394,81.3279886913978,76.5001287105367
2018-11-01T00:00:00Z,92.19553425377767,92.88897923009593,99.99313476222771,99.63373080796887,76.59059713704148,79.86080881961725
2018-12-01T00:00:00Z,92.24960345896494,92.8938708589582,97.84823706343602,101.09604143136238,76.83532725997111,78.31028829050935
2019-01-01T00:00:00Z,93.3150603199033,92.26988564239737,100.94697874526999,101.769971649526,80.25798759388464,79.34321851236787
2019-02-01T00:00:00Z,94.0098272460681,93.09461834141973,103.76428954168858,100.73740852889011,81.78416354397704,80.30919955318
2019-03-01T00:00:00Z,93.15841496653391,94.57807371041916,105.64753411964494,97.51255319733477,78.41404559246739,78.66274264258868
2019-04-01T00:00:00Z,93.61137017186216,97.75572565001127,106.12800621022762,94.63380322270018,79.11210044534695,79.25601579755957
2019-05-01T00:00:00Z,94.26766425766414,100.53532046660378,106.59284098950985,94.44359877532571,78.50147758544256,76.73557604051913
2019-06-02T00:00:00Z,95.40499303109841,101.23047904710467,102.89108444726023,99.19063242875369,77.46187859413195,79.94407334730515
2019-07-01T00:00:00Z,95.14701488199006,102.44213770947127,101.06421117773988,97.55139613542326,78.09033426436135,79.42907588374996
2019-08-01T00:00:00Z,94.08417736243182,102.27433753574138,100.29965212921627,92.62567031396728,82.58940548789569,76.22923769647085
2019-09-01T00:00:00Z,93.36863476854606,101.01671562781864,99.63812689323936,91.83731563966032,83.8883054529442,73.51148672758305
2019-10-01T00:00:00Z,95.24734976997858,101.55127368509457,100.8202231863725,95.97784801239075,84.10921673390533,77.77161278265274
2019-11-02T00:00:00Z,98.6261756139621,106.52632019552085,102.45348449740578,95.56910968357758,93.1637371892972,79.1902453936104
2019-12-01T00:00:00Z,101.00678467226496,106.64799397461408,103.54295239281635,97.3970569565385,101.49866149086115,82.99769541774499
2020-01-01T00:00:00Z,102.5151015442658,103.6103257073161,103.84479393326944,100.68749721584591,108.7325264415225,87.5402737043497
2020-02-01T00:00:00Z,99.41898468337834,100.46310728116576,102.85156430923657,99.57640008516003,97.55334488164273,91.4486431222425
2020-03-01T00:00:00Z,95.17723881717272,99.42505657216658,101.52456298283946,98.02389815267347,85.4248370340702,73.9442452694129
2020-04-01T00:00:00Z,92.52687558724907,96.90645774765845,95.75367239390295,99.64731046210319,81.17756291704109,63.17950547014044
2020-05-01T00:00:00Z,91.13536058816267,95.4159132377908,94.42547440969071,98.01899699012213,77.76886682468624,67.84539991535118
2020-06-01T00:00:00Z,93.25584335271051,94.81641037059075,98.3325915325089,97.30962222885732,86.61365414421616,74.94060661086795
2020-07-01T00:00:00Z,94.04145171055477,92.22705104573129,101.78736378815815,97.27359342701877,93.200414775415,76.01190358116317
2020-08-01T00:00:00Z,95.91594444593848,92.2030175200898,102.10044538813383,99.21767595455742,98.7018285675736,81.09397040567771
2020-09-01T00:00:00Z,98.01149788747264,91.47403329229503,102.31823969989316,104.32734445802772,104.59634357298087,78.96065176353136
2020-10-01T00:00:00Z,101.3763809972607,91.78344324904614,104.47993460818552,112.08834404740074,106.45024815209034,84.7104049592798
2020-11-01T00:00:00Z,105.58600130353233,93.31812057540094,105.3818860824795,114.843513602787,121.90345019300375,87.52817784390855
2020-12-01T00:00:00Z,108.59683960847201,94.84511619024266,109.18568486388526,116.38655041674583,131.1993506530277,87.14082901071161
2021-01-01T00:00:00Z,113.5255331944346,95.96084762748599,111.24672261561082,125.00940824649972,138.8745383645482,94.15924105738104
2021-02-01T00:00:00Z,116.57051072273163,97.76818938229138,113.0742158195313,126.14719060912293,147.4624816064973,100.17454058467479
2021-03-01T00:00:00Z,119.22932965492514,100.76273942479263,117.45980326747933,123.90839540888472,159.30201084630667,96.1974363480972
2021-04-01T00:00:00Z,122.06626942216495,104.34529890067319,119.10505698342429,126.20076893525055,162.19133083797868,99.98682033193688
2021-05-01T00:00:00Z,128.12555865773592,107.38440770114929,121.13134838555018,133.69538705765586,174.87592061093773,106.79941521838667
2021-06-01T00:00:00Z,125.27763455670987,110.68657160811618,119.91353934157493,130.3146289360493,157.68052781228315,107.7319216686756
2021-07-01T00:00:00Z,124.56485837282088,114.11329835824172,116.7295796628861,126.25709990923303,155.49552753795894,109.55192671644922
2021-08-01T00:00:00Z,127.9581359056427,113.43289955758823,116.16133052336659,130.38825849807975,165.86229711701404,120.54228177309744
2021-09-01T00:00:00Z,129.1891922766022,112.68191288141296,118.13109140698228,132.83696980281618,168.57086393365063,121.18926965715919
2021-10-01T00:00:00Z,133.22436853297222,111.96925480836586,121.45971051754725,137.14277957827665,184.83747137824517,119.06532765101376
2021-11-01T00:00:00Z,135.3148529057389,112.50964469359232,125.98568897987232,141.44474926905627,184.55517876687819,120.1850319414634
2021-12-01T00:00:00Z,133.69110309418375,111.02985848433802,128.96293678548136,140.49498067328705,178.50544196563672,116.43250221390551
2022-01-01T00:00:00Z,135.5941547494758,112.14742555131124,132.63261060211784,140.6476289317723,185.93144191456406,112.66751495566068
2022-02-01T00:00:00Z,141.23544955718793,113.87343719202681,141.52957659081716,145.27477635272047,201.71767545192617,110.53112881402261
2022-03-01T00:00:00Z,159.71318001343587,119.322155283002,145.83118903175716,170.13127610337708,251.83127168981505,117.91396993406418
2022-04-01T00:00:00Z,158.43504100824666,121.90191502509094,146.68927944362707,169.67669651563907,237.53173615946218,121.543706497993
2022-05-01T00:00:00Z,158.05282975550662,122.8732841909855,144.17798818600474,173.5207488609233,229.2409054815257,120.38756727908276
2022-06-01T00:00:00Z,154.7081011596462,125.92259358298942,150.18180663787297,166.33655649308153,211.7951824643664,117.2848384263868
2022-07-01T00:00:00Z,140.742480300341,124.56382565683953,146.465425519288,147.25665377330955,168.82042441226025,112.84138457750583
2022-08-01T00:00:00Z,138.03277260416283,122.716154454678,143.49546185665724,145.21133872842438,163.32354213869706,110.44208202746744
